[{"model": "admin.logentry", "pk": 1, "fields": {"action_time": "2023-12-12T09:30:19.387Z", "user": 1, "content_type": 11, "object_id": "10", "object_repr": "Artwork #10 - Title: Photography - Artist: User Profile for test - Name: Test test - Shipping Address: 123 Main St., Falls Church, Virginia, US, 22043 - Created on: 2023-12-05 20:10:01.272215+00:00", "action_flag": 2, "change_message": "[{\"changed\": {\"fields\": [\"Approval status\"]}}]"}}, {"model": "admin.logentry", "pk": 2, "fields": {"action_time": "2023-12-12T09:43:50.393Z", "user": 1, "content_type": 11, "object_id": "10", "object_repr": "Artwork #10 - Title: Photography - Artist: User Profile for test - Name: Test test - Shipping Address: 123 Main St., Falls Church, Virginia, US, 22043 - Created on: 2023-12-05 20:10:01.272215+00:00", "action_flag": 2, "change_message": "[]"}}, {"model": "admin.logentry", "pk": 3, "fields": {"action_time": "2023-12-12T09:44:08.616Z", "user": 1, "content_type": 11, "object_id": "11", "object_repr": "Artwork #11 - Title: Poster Van Gogh edit - Artist: User Profile for test - Name: Test test - Shipping Address: 123 Main St., Falls Church, Virginia, US, 22043 - Created on: 2023-12-05 20:10:01.272215", "action_flag": 2, "change_message": "[{\"changed\": {\"fields\": [\"Approval status\"]}}]"}}, {"model": "admin.logentry", "pk": 4, "fields": {"action_time": "2023-12-12T13:05:07.838Z", "user": 1, "content_type": 11, "object_id": "12", "object_repr": "Artwork #12 - Title: Poster - Artist: User Profile for test - Name: Test test - Shipping Address: 123 Main St., Falls Church, Virginia, US, 22043 - Created on: 2023-12-05 20:10:01.272215+00:00", "action_flag": 2, "change_message": "[{\"changed\": {\"fields\": [\"Approval status\"]}}]"}}, {"model": "auth.permission", "pk": 1, "fields": {"name": "Can add log entry", "content_type": 1, "codename": "add_logentry"}}, {"model": "auth.permission", "pk": 2, "fields": {"name": "Can change log entry", "content_type": 1, "codename": "change_logentry"}}, {"model": "auth.permission", "pk": 3, "fields": {"name": "Can delete log entry", "content_type": 1, "codename": "delete_logentry"}}, {"model": "auth.permission", "pk": 4, "fields": {"name": "Can view log entry", "content_type": 1, "codename": "view_logentry"}}, {"model": "auth.permission", "pk": 5, "fields": {"name": "Can add permission", "content_type": 2, "codename": "add_permission"}}, {"model": "auth.permission", "pk": 6, "fields": {"name": "Can change permission", "content_type": 2, "codename": "change_permission"}}, {"model": "auth.permission", "pk": 7, "fields": {"name": "Can delete permission", "content_type": 2, "codename": "delete_permission"}}, {"model": "auth.permission", "pk": 8, "fields": {"name": "Can view permission", "content_type": 2, "codename": "view_permission"}}, {"model": "auth.permission", "pk": 9, "fields": {"name": "Can add group", "content_type": 3, "codename": "add_group"}}, {"model": "auth.permission", "pk": 10, "fields": {"name": "Can change group", "content_type": 3, "codename": "change_group"}}, {"model": "auth.permission", "pk": 11, "fields": {"name": "Can delete group", "content_type": 3, "codename": "delete_group"}}, {"model": "auth.permission", "pk": 12, "fields": {"name": "Can view group", "content_type": 3, "codename": "view_group"}}, {"model": "auth.permission", "pk": 13, "fields": {"name": "Can add user", "content_type": 4, "codename": "add_user"}}, {"model": "auth.permission", "pk": 14, "fields": {"name": "Can change user", "content_type": 4, "codename": "change_user"}}, {"model": "auth.permission", "pk": 15, "fields": {"name": "Can delete user", "content_type": 4, "codename": "delete_user"}}, {"model": "auth.permission", "pk": 16, "fields": {"name": "Can view user", "content_type": 4, "codename": "view_user"}}, {"model": "auth.permission", "pk": 17, "fields": {"name": "Can add content type", "content_type": 5, "codename": "add_contenttype"}}, {"model": "auth.permission", "pk": 18, "fields": {"name": "Can change content type", "content_type": 5, "codename": "change_contenttype"}}, {"model": "auth.permission", "pk": 19, "fields": {"name": "Can delete content type", "content_type": 5, "codename": "delete_contenttype"}}, {"model": "auth.permission", "pk": 20, "fields": {"name": "Can view content type", "content_type": 5, "codename": "view_contenttype"}}, {"model": "auth.permission", "pk": 21, "fields": {"name": "Can add session", "content_type": 6, "codename": "add_session"}}, {"model": "auth.permission", "pk": 22, "fields": {"name": "Can change session", "content_type": 6, "codename": "change_session"}}, {"model": "auth.permission", "pk": 23, "fields": {"name": "Can delete session", "content_type": 6, "codename": "delete_session"}}, {"model": "auth.permission", "pk": 24, "fields": {"name": "Can view session", "content_type": 6, "codename": "view_session"}}, {"model": "auth.permission", "pk": 25, "fields": {"name": "Can add category", "content_type": 7, "codename": "add_category"}}, {"model": "auth.permission", "pk": 26, "fields": {"name": "Can change category", "content_type": 7, "codename": "change_category"}}, {"model": "auth.permission", "pk": 27, "fields": {"name": "Can delete category", "content_type": 7, "codename": "delete_category"}}, {"model": "auth.permission", "pk": 28, "fields": {"name": "Can view category", "content_type": 7, "codename": "view_category"}}, {"model": "auth.permission", "pk": 29, "fields": {"name": "Can add auction", "content_type": 8, "codename": "add_auction"}}, {"model": "auth.permission", "pk": 30, "fields": {"name": "Can change auction", "content_type": 8, "codename": "change_auction"}}, {"model": "auth.permission", "pk": 31, "fields": {"name": "Can delete auction", "content_type": 8, "codename": "delete_auction"}}, {"model": "auth.permission", "pk": 32, "fields": {"name": "Can view auction", "content_type": 8, "codename": "view_auction"}}, {"model": "auth.permission", "pk": 33, "fields": {"name": "Can add user profile", "content_type": 9, "codename": "add_userprofile"}}, {"model": "auth.permission", "pk": 34, "fields": {"name": "Can change user profile", "content_type": 9, "codename": "change_userprofile"}}, {"model": "auth.permission", "pk": 35, "fields": {"name": "Can delete user profile", "content_type": 9, "codename": "delete_userprofile"}}, {"model": "auth.permission", "pk": 36, "fields": {"name": "Can view user profile", "content_type": 9, "codename": "view_userprofile"}}, {"model": "auth.permission", "pk": 37, "fields": {"name": "Can add bids", "content_type": 10, "codename": "add_bids"}}, {"model": "auth.permission", "pk": 38, "fields": {"name": "Can change bids", "content_type": 10, "codename": "change_bids"}}, {"model": "auth.permission", "pk": 39, "fields": {"name": "Can delete bids", "content_type": 10, "codename": "delete_bids"}}, {"model": "auth.permission", "pk": 40, "fields": {"name": "Can view bids", "content_type": 10, "codename": "view_bids"}}, {"model": "auth.permission", "pk": 41, "fields": {"name": "Can add artwork", "content_type": 11, "codename": "add_artwork"}}, {"model": "auth.permission", "pk": 42, "fields": {"name": "Can change artwork", "content_type": 11, "codename": "change_artwork"}}, {"model": "auth.permission", "pk": 43, "fields": {"name": "Can delete artwork", "content_type": 11, "codename": "delete_artwork"}}, {"model": "auth.permission", "pk": 44, "fields": {"name": "Can view artwork", "content_type": 11, "codename": "view_artwork"}}, {"model": "auth.permission", "pk": 45, "fields": {"name": "Can add site", "content_type": 12, "codename": "add_site"}}, {"model": "auth.permission", "pk": 46, "fields": {"name": "Can change site", "content_type": 12, "codename": "change_site"}}, {"model": "auth.permission", "pk": 47, "fields": {"name": "Can delete site", "content_type": 12, "codename": "delete_site"}}, {"model": "auth.permission", "pk": 48, "fields": {"name": "Can view site", "content_type": 12, "codename": "view_site"}}, {"model": "auth.permission", "pk": 49, "fields": {"name": "Can add email address", "content_type": 13, "codename": "add_emailaddress"}}, {"model": "auth.permission", "pk": 50, "fields": {"name": "Can change email address", "content_type": 13, "codename": "change_emailaddress"}}, {"model": "auth.permission", "pk": 51, "fields": {"name": "Can delete email address", "content_type": 13, "codename": "delete_emailaddress"}}, {"model": "auth.permission", "pk": 52, "fields": {"name": "Can view email address", "content_type": 13, "codename": "view_emailaddress"}}, {"model": "auth.permission", "pk": 53, "fields": {"name": "Can add email confirmation", "content_type": 14, "codename": "add_emailconfirmation"}}, {"model": "auth.permission", "pk": 54, "fields": {"name": "Can change email confirmation", "content_type": 14, "codename": "change_emailconfirmation"}}, {"model": "auth.permission", "pk": 55, "fields": {"name": "Can delete email confirmation", "content_type": 14, "codename": "delete_emailconfirmation"}}, {"model": "auth.permission", "pk": 56, "fields": {"name": "Can view email confirmation", "content_type": 14, "codename": "view_emailconfirmation"}}, {"model": "auth.permission", "pk": 57, "fields": {"name": "Can add social account", "content_type": 15, "codename": "add_socialaccount"}}, {"model": "auth.permission", "pk": 58, "fields": {"name": "Can change social account", "content_type": 15, "codename": "change_socialaccount"}}, {"model": "auth.permission", "pk": 59, "fields": {"name": "Can delete social account", "content_type": 15, "codename": "delete_socialaccount"}}, {"model": "auth.permission", "pk": 60, "fields": {"name": "Can view social account", "content_type": 15, "codename": "view_socialaccount"}}, {"model": "auth.permission", "pk": 61, "fields": {"name": "Can add social application", "content_type": 16, "codename": "add_socialapp"}}, {"model": "auth.permission", "pk": 62, "fields": {"name": "Can change social application", "content_type": 16, "codename": "change_socialapp"}}, {"model": "auth.permission", "pk": 63, "fields": {"name": "Can delete social application", "content_type": 16, "codename": "delete_socialapp"}}, {"model": "auth.permission", "pk": 64, "fields": {"name": "Can view social application", "content_type": 16, "codename": "view_socialapp"}}, {"model": "auth.permission", "pk": 65, "fields": {"name": "Can add social application token", "content_type": 17, "codename": "add_socialtoken"}}, {"model": "auth.permission", "pk": 66, "fields": {"name": "Can change social application token", "content_type": 17, "codename": "change_socialtoken"}}, {"model": "auth.permission", "pk": 67, "fields": {"name": "Can delete social application token", "content_type": 17, "codename": "delete_socialtoken"}}, {"model": "auth.permission", "pk": 68, "fields": {"name": "Can view social application token", "content_type": 17, "codename": "view_socialtoken"}}, {"model": "auth.user", "pk": 1, "fields": {"password": "pbkdf2_sha256$600000$mSW1yWZyOZbEv2UxrxcJTd$n6vcgbma7My92E5bEMwQgfYOOk7dN6MfY3ZnoniU5Us=", "last_login": "2023-12-12T13:48:16.446Z", "is_superuser": true, "username": "emiliadombek", "first_name": "", "last_name": "", "email": "emilia.maria.dombek@gmail.com", "is_staff": true, "is_active": true, "date_joined": "2023-11-15T12:42:56.811Z", "groups": [], "user_permissions": []}}, {"model": "auth.user", "pk": 2, "fields": {"password": "pbkdf2_sha256$600000$RjtuV3fF5AN6fLcUivzqzJ$ulYupMM4wRH9/frNj6n/Y3PZts/IlgZ/SRenZWJ2Qxs=", "last_login": null, "is_superuser": false, "username": "emilia.garecka1", "first_name": "", "last_name": "", "email": "emilia.garecka1@gmail.com", "is_staff": false, "is_active": true, "date_joined": "2023-12-05T19:11:59.754Z", "groups": [], "user_permissions": []}}, {"model": "auth.user", "pk": 3, "fields": {"password": "pbkdf2_sha256$600000$ECnMI5LExxL4QnPHcB2xDj$mGkva5CLGKrmvUX4KQevqPO9IkgonyFCY4+BwGWpIo8=", "last_login": null, "is_superuser": false, "username": "emilia.garecka2", "first_name": "", "last_name": "", "email": "emilia.garecka2@gmail.com", "is_staff": false, "is_active": true, "date_joined": "2023-12-05T19:13:16.638Z", "groups": [], "user_permissions": []}}, {"model": "auth.user", "pk": 4, "fields": {"password": "pbkdf2_sha256$600000$gRyNA5qNzwYTNNbdfStevH$EdeNfPVswIfdsryTT5f2MemsC/jndzbNu6T22QJaOQs=", "last_login": null, "is_superuser": false, "username": "emilia.garecka3", "first_name": "", "last_name": "", "email": "emilia.garecka3@gmail.com", "is_staff": false, "is_active": true, "date_joined": "2023-12-05T19:14:46.071Z", "groups": [], "user_permissions": []}}, {"model": "auth.user", "pk": 5, "fields": {"password": "pbkdf2_sha256$600000$GI4zQPkoQaFJ9Fs8f6olet$FaLYRwGaYG9lagCfbjvKNCGXgB7zqa53yr3mMfYs8Jk=", "last_login": null, "is_superuser": false, "username": "emilia.garecka22", "first_name": "", "last_name": "", "email": "emilia.garecka22@gmail.com", "is_staff": false, "is_active": true, "date_joined": "2023-12-05T19:23:49.733Z", "groups": [], "user_permissions": []}}, {"model": "auth.user", "pk": 6, "fields": {"password": "pbkdf2_sha256$600000$4WwnRNVRri0ccdvyAEzURe$o6hLic4C95TvvOnf/Ezb5oaUycwnSyCf3J5ZmGXF6Fw=", "last_login": "2023-12-05T20:00:16.308Z", "is_superuser": false, "username": "emilia.garecka", "first_name": "", "last_name": "", "email": "emilia.garecka@gmail.com", "is_staff": false, "is_active": true, "date_joined": "2023-12-05T19:29:16.232Z", "groups": [], "user_permissions": []}}, {"model": "auth.user", "pk": 7, "fields": {"password": "pbkdf2_sha256$600000$SNg6E70SBN19Gj0ixG0Nl5$I9kizuTAReoXkFNEhQSfp6y3JeUPrK0cYSIkVlJYUcs=", "last_login": "2023-12-12T13:21:32.884Z", "is_superuser": false, "username": "test", "first_name": "", "last_name": "", "email": "test@test.com", "is_staff": false, "is_active": true, "date_joined": "2023-12-05T20:10:00.913Z", "groups": [], "user_permissions": []}}, {"model": "contenttypes.contenttype", "pk": 1, "fields": {"app_label": "admin", "model": "logentry"}}, {"model": "contenttypes.contenttype", "pk": 2, "fields": {"app_label": "auth", "model": "permission"}}, {"model": "contenttypes.contenttype", "pk": 3, "fields": {"app_label": "auth", "model": "group"}}, {"model": "contenttypes.contenttype", "pk": 4, "fields": {"app_label": "auth", "model": "user"}}, {"model": "contenttypes.contenttype", "pk": 5, "fields": {"app_label": "contenttypes", "model": "contenttype"}}, {"model": "contenttypes.contenttype", "pk": 6, "fields": {"app_label": "sessions", "model": "session"}}, {"model": "contenttypes.contenttype", "pk": 7, "fields": {"app_label": "uptowngallery", "model": "category"}}, {"model": "contenttypes.contenttype", "pk": 8, "fields": {"app_label": "uptowngallery", "model": "auction"}}, {"model": "contenttypes.contenttype", "pk": 9, "fields": {"app_label": "uptowngallery", "model": "userprofile"}}, {"model": "contenttypes.contenttype", "pk": 10, "fields": {"app_label": "uptowngallery", "model": "bids"}}, {"model": "contenttypes.contenttype", "pk": 11, "fields": {"app_label": "uptowngallery", "model": "artwork"}}, {"model": "contenttypes.contenttype", "pk": 12, "fields": {"app_label": "sites", "model": "site"}}, {"model": "contenttypes.contenttype", "pk": 13, "fields": {"app_label": "account", "model": "emailaddress"}}, {"model": "contenttypes.contenttype", "pk": 14, "fields": {"app_label": "account", "model": "emailconfirmation"}}, {"model": "contenttypes.contenttype", "pk": 15, "fields": {"app_label": "socialaccount", "model": "socialaccount"}}, {"model": "contenttypes.contenttype", "pk": 16, "fields": {"app_label": "socialaccount", "model": "socialapp"}}, {"model": "contenttypes.contenttype", "pk": 17, "fields": {"app_label": "socialaccount", "model": "socialtoken"}}, {"model": "sessions.session", "pk": "7ut4qyn4074c22ttpgmg8o6k2hxw66kl", "fields": {"session_data": ".eJxVjk0OgjAQhe_StSEDpdOWnV6kebQlEAkaWxKN8e4WwkKX836-eW_hsObRrSk-3BREJ7Q4_Wo9_DUum4F53uQK3t_WJVd75rBTdS5XXPLkkafbcjlaf6gRaSwcwwGqHWQAh6aRFo3qwYZAUMQYBjItawXWzFbFCK-JJawtYeplX6DHhJ19PI3BIYuu1lQbS5KbyrSKbV0WpJhS2eTi8z49XqKjzxezD1Eh:1rAxQY:AI2ZcigUVzEaVPCyYM8lTzaq1LQurAAfrczsYC2t-80", "expire_date": "2023-12-20T19:19:22.863Z"}}, {"model": "sessions.session", "pk": "879rrjsbpgdr0hzjvax4mbajewl60k2s", "fields": {"session_data": ".eJxVjDkOwjAUBe_iGlnx8hObkp4zRH-xSQDZUpxUiLtDpBTQvpl5LzXitk7j1tIyzqLOyqjT70bIj1R2IHcst6q5lnWZSe-KPmjT1yrpeTncv4MJ2_StEax3ws5ToJ6zpT52ELnPAxAOzhk2HmOikEAgQpcZbOeDELBwxKzeH-hcOGU:1rD37Q:I0KZEACrl-U7A3MgJdp77_BzENOSWziqQLshFEU7G8E", "expire_date": "2023-12-26T13:48:16.498Z"}}, {"model": "sessions.session", "pk": "j4cqaue1ddx5xfs85bkxv69c86psq3r7", "fields": {"session_data": ".eJxVjk0OgjAQhe_StSEDpVPKTi_SPNoSiAQMLYnGeHcLYaHLeT_fvLew2NJgtxhWO3rRCi0uv1oHdw_zbmCadrmAc8s2p-LInHYsrvkKcxod0rjMt7P1hxoQh8xp2EPVvfRgX1XSoFIduCEQFDH6npqatQJrZqNCgNPEEsbkMHWyy9BzwsE-nwZvkURbaqqISZqyKGXum7wghhjzJhuej3F9iZY-X7HuURo:1rBfex:s_U7uRTeze51i7_A26I4PaR0ufsGyv0FQko3SUYK2D8", "expire_date": "2023-12-22T18:33:11.154Z"}}, {"model": "sessions.session", "pk": "k4bixynz98dcgk65o0ca6wz9gzso983z", "fields": {"session_data": ".eJxVjssOgjAQRf-la0NKH1PKTn-kubQlEAkYWhKN8d8thIUu5z7O3Ddz2PLgthRXNwbWMsMuv1oHf4_zbmCadrmC98s25-rInHaqruWKcx498rjMt7P1hxqQhsJpKECrXgZQEEJaCN2BGg4OzQl9zxtFRoMMkdUxwhtOEtaWMO9kV6DnhIN9Po3BIbO2Nry2WtTGVkIbqVRZkGJKZZOLz8e4vljLP1-yyVEe:1rBDVb:PpETq_TloLw0cqTyPs0x1fF_yMJIhhPQDgf73UaBduA", "expire_date": "2023-12-21T12:29:39.284Z"}}, {"model": "sessions.session", "pk": "znaadywqbu3i3l6jilz392ieg52pl6so", "fields": {"session_data": ".eJxVjssKgzAQRf8l6yLjI5PEXfsj4ZpElIoWE6Gl9N8bxUW7nPs4c9_CYkuD3WJY7ehFK5S4_God3D3Mu4Fp2uUCzi3bnIojc9qxuOYrzGl0SOMy387WH2pAHDJHs4ds-tqDfVXVBpXswJpAkMToe9INKwlWzEaGAKeIaxiTw9TVXYaeEw72-TR4iyTaUlFFmlk2BUtDJes8IYYY8ygbno9xfYmWPl8A6lFV:1rBmUY:8rQnTJhtdhXBY2oWab1-h1LQZGgXe1Cl7eJbiZaYuTk", "expire_date": "2023-12-23T01:50:54.675Z"}}, {"model": "sites.site", "pk": 1, "fields": {"domain": "example.com", "name": "example.com"}}, {"model": "account.emailaddress", "pk": 1, "fields": {"user": 2, "email": "emilia.garecka1@gmail.com", "verified": false, "primary": true}}, {"model": "account.emailaddress", "pk": 2, "fields": {"user": 3, "email": "emilia.garecka2@gmail.com", "verified": false, "primary": true}}, {"model": "account.emailaddress", "pk": 3, "fields": {"user": 4, "email": "emilia.garecka3@gmail.com", "verified": false, "primary": true}}, {"model": "account.emailaddress", "pk": 4, "fields": {"user": 5, "email": "emilia.garecka22@gmail.com", "verified": false, "primary": true}}, {"model": "account.emailaddress", "pk": 5, "fields": {"user": 6, "email": "emilia.garecka@gmail.com", "verified": true, "primary": true}}, {"model": "account.emailaddress", "pk": 6, "fields": {"user": 7, "email": "test@test.com", "verified": true, "primary": true}}, {"model": "uptowngallery.userprofile", "pk": 1, "fields": {"user": 2, "name": null, "shipping_address": "79 Waterville Terrace, Dublin, Dublin, US, D15 FFK3", "create_date": null}}, {"model": "uptowngallery.userprofile", "pk": 2, "fields": {"user": 3, "name": null, "shipping_address": "79 Waterville Terrace, Dublin, Dublin, US, D15 FFK3", "create_date": null}}, {"model": "uptowngallery.userprofile", "pk": 3, "fields": {"user": 4, "name": null, "shipping_address": "79 Waterville Terrace, Dublin, Dublin, US, D15 FFK3", "create_date": null}}, {"model": "uptowngallery.userprofile", "pk": 4, "fields": {"user": 5, "name": null, "shipping_address": "123 Main St., Falls Church, Virginia, US, 22043", "create_date": null}}, {"model": "uptowngallery.userprofile", "pk": 5, "fields": {"user": 6, "name": null, "shipping_address": "123 Main St., Falls Church, Virginia, US, 22043", "create_date": null}}, {"model": "uptowngallery.userprofile", "pk": 6, "fields": {"user": 7, "name": "Test test", "shipping_address": "123 Main St., Falls Church, Virginia, US, 22043", "create_date": "2023-12-05T20:10:01.272Z"}}, {"model": "uptowngallery.artwork", "pk": 1, "fields": {"artist": 6, "create_date": "2023-12-10T09:04:04.113Z", "title": null, "description": "test", "image": "image/upload/v1702199045/ax2uzwsesfxduob9ebbo.jpg", "category": "painting", "approved": true, "approval_status": "pending", "auction_start": "2023-12-11T10:23:38.792Z", "auction_duration": "3_days", "reserve_price": "30.00"}}, {"model": "uptowngallery.artwork", "pk": 2, "fields": {"artist": 6, "create_date": "2023-12-10T09:14:21.368Z", "title": null, "description": "Test", "image": "image/upload/v1702199662/ozzvjipma1kjvflaybd9.jpg", "category": "painting", "approved": true, "approval_status": "pending", "auction_start": "2023-12-11T10:23:38.792Z", "auction_duration": "3_days", "reserve_price": "30.00"}}, {"model": "uptowngallery.artwork", "pk": 3, "fields": {"artist": 6, "create_date": "2023-12-10T09:16:30.863Z", "title": null, "description": "Test test", "image": "image/upload/v1702199792/krk7y7gdaiuytlpq3dgn.jpg", "category": "painting", "approved": true, "approval_status": "pending", "auction_start": "2023-12-11T10:23:38.792Z", "auction_duration": "3_days", "reserve_price": "30.00"}}, {"model": "uptowngallery.artwork", "pk": 4, "fields": {"artist": 6, "create_date": "2023-12-10T10:46:23.034Z", "title": null, "description": "Test test test", "image": "image/upload/v1702205183/i8atjgdmiqrtn3tfvppc.jpg", "category": "contemporary", "approved": true, "approval_status": "pending", "auction_start": "2023-12-11T10:23:38.792Z", "auction_duration": "3_days", "reserve_price": "350.00"}}, {"model": "uptowngallery.artwork", "pk": 5, "fields": {"artist": 6, "create_date": "2023-12-11T10:51:56.899Z", "title": "Mountain Painting", "description": "Test Mountain Painting", "image": "image/upload/v1702291918/yp2is2xfqrvnkoelqowt.jpg", "category": "contemporary", "approved": true, "approval_status": "pending", "auction_start": "2023-12-11T11:56:20.135Z", "auction_duration": "3_days", "reserve_price": "300.00"}}, {"model": "uptowngallery.artwork", "pk": 6, "fields": {"artist": 6, "create_date": "2023-12-11T11:03:56.013Z", "title": "Test Plants", "description": "Test test", "image": "image/upload/v1702292636/ktjcrawqjnx2sez0c1jl.jpg", "category": "posters", "approved": true, "approval_status": "pending", "auction_start": "2023-12-11T11:56:20.135Z", "auction_duration": "3_days", "reserve_price": "20.00"}}, {"model": "uptowngallery.artwork", "pk": 7, "fields": {"artist": 6, "create_date": "2023-12-11T11:06:21.524Z", "title": "Abstract Watercolor", "description": "Test test", "image": "image/upload/v1702292783/harpfgxgkajif3dxze6g.jpg", "category": "abstract", "approved": true, "approval_status": "pending", "auction_start": "2023-12-11T11:56:20.135Z", "auction_duration": "3_days", "reserve_price": "100.00"}}, {"model": "uptowngallery.artwork", "pk": 8, "fields": {"artist": 6, "create_date": "2023-12-11T13:20:38.322Z", "title": "Starry Night Poster", "description": "Starry Night Poster", "image": "image/upload/v1702300839/dk0scsgtdqzf4s5spuj2.jpg", "category": "posters", "approved": true, "approval_status": "pending", "auction_start": "2023-12-11T13:21:17.836Z", "auction_duration": "3_days", "reserve_price": "50.00"}}, {"model": "uptowngallery.artwork", "pk": 9, "fields": {"artist": 6, "create_date": "2023-12-11T13:49:14.217Z", "title": "Camera Poster", "description": "test", "image": "image/upload/v1702302555/by4yuzhkouvtktgwlvye.svg", "category": "posters", "approved": true, "approval_status": "pending", "auction_start": "2023-12-11T14:08:09.185Z", "auction_duration": "3_days", "reserve_price": "30.00"}}, {"model": "uptowngallery.artwork", "pk": 10, "fields": {"artist": 6, "create_date": "2023-12-12T09:28:56.111Z", "title": "Photography", "description": "Test", "image": "image/upload/v1702373345/iezxkr0ccwmepvaivd4g.jpg", "category": "photography", "approved": true, "approval_status": "approved", "auction_start": "2023-12-12T09:44:21.376Z", "auction_duration": "3_days", "reserve_price": "30.00"}}, {"model": "uptowngallery.artwork", "pk": 11, "fields": {"artist": 6, "create_date": "2023-12-12T09:42:49.237Z", "title": "Poster Van Gogh edit", "description": "Test", "image": "image/upload/v1702374170/rfikbowzduywvk8lnrcn.jpg", "category": "posters", "approved": true, "approval_status": "approved", "auction_start": "2023-12-12T09:44:21.376Z", "auction_duration": "3_days", "reserve_price": "300.00"}}, {"model": "uptowngallery.artwork", "pk": 12, "fields": {"artist": 6, "create_date": "2023-12-12T13:02:06.615Z", "title": "Poster", "description": "test", "image": "image/upload/v1702386127/uvfqq9x0xfhl5boaha90.jpg", "category": "posters", "approved": true, "approval_status": "approved", "auction_start": "2023-12-12T13:05:15.427Z", "auction_duration": "3_days", "reserve_price": "300.00"}}, {"model": "uptowngallery.artwork", "pk": 13, "fields": {"artist": 6, "create_date": "2023-12-12T13:47:47.826Z", "title": "Poster", "description": "Test", "image": "image/upload/v1702388869/caay7xazsfwdvopsmmgu.jpg", "category": "posters", "approved": true, "approval_status": "pending", "auction_start": "2023-12-12T13:48:44.872Z", "auction_duration": "3_days", "reserve_price": "50.00"}}, {"model": "uptowngallery.auction", "pk": 1, "fields": {"artwork": 3, "create_date": null, "status": "pending", "is_active": null, "end_date": null, "reserve_price": null}}, {"model": "uptowngallery.auction", "pk": 2, "fields": {"artwork": 4, "create_date": null, "status": "pending", "is_active": null, "end_date": null, "reserve_price": null}}, {"model": "uptowngallery.auction", "pk": 3, "fields": {"artwork": 5, "create_date": null, "status": "pending", "is_active": null, "end_date": null, "reserve_price": null}}, {"model": "uptowngallery.auction", "pk": 4, "fields": {"artwork": 8, "create_date": null, "status": "pending", "is_active": null, "end_date": null, "reserve_price": null}}, {"model": "uptowngallery.auction", "pk": 5, "fields": {"artwork": 9, "create_date": null, "status": "pending", "is_active": null, "end_date": null, "reserve_price": null}}, {"model": "uptowngallery.auction", "pk": 6, "fields": {"artwork": 10, "create_date": null, "status": "pending", "is_active": null, "end_date": null, "reserve_price": null}}, {"model": "uptowngallery.auction", "pk": 7, "fields": {"artwork": 11, "create_date": null, "status": "pending", "is_active": null, "end_date": null, "reserve_price": null}}, {"model": "uptowngallery.auction", "pk": 8, "fields": {"artwork": 12, "create_date": null, "status": "pending", "is_active": null, "end_date": null, "reserve_price": null}}, {"model": "uptowngallery.auction", "pk": 9, "fields": {"artwork": 13, "create_date": null, "status": "pending", "is_active": null, "end_date": null, "reserve_price": null}}]